Country Name,Country Code,Series,Series Code,1998 [YR1998],1999 [YR1999],2000 [YR2000],2001 [YR2001],2002 [YR2002],2003 [YR2003],2004 [YR2004],2005 [YR2005],2006 [YR2006],2007 [YR2007],2008 [YR2008],2011 [YR2011],2012 [YR2012],2013 [YR2013],2014 [YR2014],2015 [YR2015],2016 [YR2016],2017 [YR2017],2018 [YR2018],2019 [YR2019]
Afghanistan,AFG,"Labor force, total",SL.TLF.TOTL.IN,4823415,4906827,5037884,5265763,5554075,5875424,6193483,6485734,6633635,6747873,6854807,7499332,7891605,8307325,8741565,9176450,9566712,9947922,10334090,10699525
Albania,ALB,"Labor force, total",SL.TLF.TOTL.IN,1340278,1330854,1326457,1313708,1312904,1300008,1286360,1271718,1260246,1247349,1234332,1255187,1286424,1213692,1235799,1289562,1302836,1316869,1318022,1319734
Algeria,DZA,"Labor force, total",SL.TLF.TOTL.IN,8460263,8670493,8880362,9106753,9326409,9543850,9763250,9984693,10196156,10400864,10601186,11294110,11533225,12002172,11585753,11742189,11904866,12051687,12173459,12303850
American Samoa,ASM,"Labor force, total",SL.TLF.TOTL.IN,..,..,..,..,..,..,..,..,..,..,..,..,..,..,..,..,..,..,..,..
Andorra,AND,"Labor force, total",SL.TLF.TOTL.IN,..,..,..,..,..,..,..,..,..,..,..,..,..,..,..,..,..,..,..,..
Angola,AGO,"Labor force, total",SL.TLF.TOTL.IN,6270582,6486187,6712338,6936488,7167634,7419387,7682222,7959356,8244573,8546658,8866821,9910112,10270167,10646623,11034611,11437925,11848410,12268842,12705486,13164510
Antigua and Barbuda,ATG,"Labor force, total",SL.TLF.TOTL.IN,..,..,..,..,..,..,..,..,..,..,..,..,..,..,..,..,..,..,..,..
Arab World,ARB,"Labor force, total",SL.TLF.TOTL.IN,78418820,81299424,83588481,85575070,87634804,90504535,93444014,96768576,100182027,104285189,108121955,118360432,121448601,124796602,126688290,129330976,131925883,..,..,..
Argentina,ARG,"Labor force, total",SL.TLF.TOTL.IN,15883645,16082632,16324711,16519968,16592778,16978859,17375102,17521844,17833649,17855169,17877897,18557537,18770957,18931350,19009264,19360544,19696452,20035267,20551682,20755018
Armenia,ARM,"Labor force, total",SL.TLF.TOTL.IN,1226818,1222890,1219082,1221450,1222954,1224345,1227033,1231694,1234371,1238954,1243022,1341719,1351021,1360350,1348081,1334775,1310061,1303653,1303093,1303827
Aruba,ABW,"Labor force, total",SL.TLF.TOTL.IN,..,..,..,..,..,..,..,..,..,..,..,..,..,..,..,..,..,..,..,..
Australia,AUS,"Labor force, total",SL.TLF.TOTL.IN,9323232,9417078,9603309,9790082,9946953,10127333,10247722,10557407,10803715,10974112,11266230,11870404,12032218,12206719,12350344,12585539,12742247,12989073,13254463,13382706
Austria,AUT,"Labor force, total",SL.TLF.TOTL.IN,3859067,3888031,3899049,3886923,3972924,3992277,3891230,4017205,4074387,4162676,4209458,4305238,4352557,4394140,4412653,4460833,4537043,4566743,4601213,4607129
Azerbaijan,AZE,"Labor force, total",SL.TLF.TOTL.IN,3389934,3439523,3498495,3567682,3637708,3711398,3794531,3888448,3978806,4076982,4218516,4543044,4627397,4702693,4791071,4875807,4969726,5033862,5091068,5107354
"Bahamas, The",BHS,"Labor force, total",SL.TLF.TOTL.IN,151756,154591,157288,160853,164397,167641,170909,174338,178617,182672,186374,197179,201134,205037,208884,212614,216368,219835,223064,225914
Bahrain,BHR,"Labor force, total",SL.TLF.TOTL.IN,280117,291226,305448,325858,349795,378724,413255,453393,501670,556627,614139,726937,739585,747319,758359,777895,817831,869405,926959,978649
Bangladesh,BGD,"Labor force, total",SL.TLF.TOTL.IN,43846915,45155414,46470368,47677319,48905212,50129634,51320867,52466130,53399097,54338014,55255746,58194620,59275453,60370738,61480265,62595846,63698450,67454903,68791250,70009353
Barbados,BRB,"Labor force, total",SL.TLF.TOTL.IN,144369,144799,145088,146307,147362,148318,150525,151204,151721,152208,152584,153293,151726,154227,150315,152361,154871,155167,155314,155240
Belarus,BLR,"Labor force, total",SL.TLF.TOTL.IN,4741280,4759854,4804827,4841462,4875443,4907190,4937435,4964961,4981592,5006973,5035892,5098113,5103198,5106387,5107036,5106430,5106665,5097017,5087320,5036848
Belgium,BEL,"Labor force, total",SL.TLF.TOTL.IN,4255095,4367000,4411179,4307572,4350412,4381675,4465111,4616055,4634840,4722773,4766246,4867090,4902316,4957316,4983423,5000910,5005505,5037405,5092514,5100709
Belize,BLZ,"Labor force, total",SL.TLF.TOTL.IN,81027,85313,89510,93651,97765,101940,106272,110813,114811,118883,123023,136111,140788,145520,151507,156875,164047,168345,173515,178253
Benin,BEN,"Labor force, total",SL.TLF.TOTL.IN,2563039,2639937,2720193,2800140,2884087,2983550,3084631,3186622,3279879,3374022,3469776,3771584,3887618,4007569,4132698,4264772,4397957,4535767,4678297,4833197
Bermuda,BMU,"Labor force, total",SL.TLF.TOTL.IN,..,..,..,..,..,..,..,..,..,..,..,..,..,..,..,..,..,..,..,..
Bhutan,BTN,"Labor force, total",SL.TLF.TOTL.IN,227233,235928,245167,254976,265422,276213,286963,297378,304768,311664,318302,320350,315281,325213,323981,348432,356732,364557,371964,379603
Bolivia,BOL,"Labor force, total",SL.TLF.TOTL.IN,3538104,3623057,3710432,3817350,3927192,4039626,4154581,4271982,4389454,4420408,4541783,4836945,4744597,4875374,5124437,4925990,5080592,5293299,5631725,5735705
Bosnia and Herzegovina,BIH,"Labor force, total",SL.TLF.TOTL.IN,1326884,1329864,1334213,1338326,1345605,1354549,1363611,1364834,1370139,1396381,1422399,1409640,1404547,1397545,1387418,1363985,1347240,1328960,1319691,1306483
Botswana,BWA,"Labor force, total",SL.TLF.TOTL.IN,566854,578755,588771,613499,637728,661949,687064,713601,741279,759980,779048,843186,900393,950641,962577,978489,999036,1023359,1049545,1080713
Brazil,BRA,"Labor force, total",SL.TLF.TOTL.IN,74043475,76474668,78492808,80429456,82986830,84687253,87249646,89725161,90821471,91963822,93486539,95052710,97597798,98903783,99932834,101600929,102508951,104260712,105542232,106500376
British Virgin Islands,VGB,"Labor force, total",SL.TLF.TOTL.IN,..,..,..,..,..,..,..,..,..,..,..,..,..,..,..,..,..,..,..,..
Brunei Darussalam,BRN,"Labor force, total",SL.TLF.TOTL.IN,145949,151413,157089,161013,164737,168676,172748,176832,179338,181960,184798,194903,198258,201351,204384,207455,209853,212574,214427,217318
Bulgaria,BGR,"Labor force, total",SL.TLF.TOTL.IN,3587728,3513739,3436886,3508598,3419346,3349824,3392066,3332860,3439496,3513246,3576562,3332676,3342114,3367629,3360383,3333802,3264392,3357160,3327614,3292122
Burkina Faso,BFA,"Labor force, total",SL.TLF.TOTL.IN,4594394,4696216,4801704,4896298,4996778,5101832,5211766,5324990,5428597,5544104,5662809,6017180,6131589,6246649,6360004,6572285,6787426,7009083,7238229,7468061
Burundi,BDI,"Labor force, total",SL.TLF.TOTL.IN,2609901,2629302,2661289,2734529,2821992,2921260,3028690,3141105,3253799,3373540,3497692,3860027,3972540,4086043,4201649,4350268,4503184,4660778,4822373,4983536
Cabo Verde,CPV,"Labor force, total",SL.TLF.TOTL.IN,137534,140816,144173,148545,152770,157030,161547,166403,172030,177947,183979,200933,206243,211243,215935,220345,224655,228836,233404,238193
Cambodia,KHM,"Labor force, total",SL.TLF.TOTL.IN,5172725,5422148,5594661,6182972,6353256,6474385,6547067,6765702,6996448,7223392,7457586,8375694,8326368,8238537,8400669,8527881,8909071,9055041,9191221,9350757
Cameroon,CMR,"Labor force, total",SL.TLF.TOTL.IN,6619090,6812480,7014076,7212518,7418868,7633627,7856322,8092025,8325869,8571180,8632726,8963584,9232780,9510227,9796407,10091929,10392255,10703273,11023646,11346288
Canada,CAN,"Labor force, total",SL.TLF.TOTL.IN,15649990,15934261,16189868,16458228,16942178,17343225,17553284,17696331,17912331,18275769,18575838,19061863,19250514,19476848,19561623,19679325,19887912,20164604,20344918,20466131
Caribbean small states,CSS,"Labor force, total",SL.TLF.TOTL.IN,..,..,..,..,..,..,..,..,..,..,..,..,..,..,..,..,..,..,..,..
Cayman Islands,CYM,"Labor force, total",SL.TLF.TOTL.IN,..,..,..,..,..,..,..,..,..,..,..,..,..,..,..,..,..,..,..,..
Central African Republic,CAF,"Labor force, total",SL.TLF.TOTL.IN,1424204,1458439,1494763,1524695,1555315,1588110,1619400,1652083,1680999,1710290,1738594,1785366,1783726,1789299,1788255,1791677,1811923,1838756,1871101,1915442
Central Europe and the Baltics,CEB,"Labor force, total",SL.TLF.TOTL.IN,..,..,..,..,..,..,..,..,..,..,..,..,..,..,..,..,..,..,..,..
Chad,TCD,"Labor force, total",SL.TLF.TOTL.IN,2880283,2982566,3092609,3200778,3318768,3441325,3561670,3689976,3819476,3951332,4088341,4534867,4695294,4864920,5039678,5221720,5408037,5597518,5788876,5995275
Channel Islands,CHI,"Labor force, total",SL.TLF.TOTL.IN,71455,72385,72961,73463,74019,74394,74575,75278,76057,76963,77897,79604,80177,80745,81390,82301,83022,83728,84460,84971
Chile,CHL,"Labor force, total",SL.TLF.TOTL.IN,6136950,6239824,6283159,6316231,6385894,6570751,6781761,6980489,7198581,7410415,7731123,8315407,8423909,8556606,8714329,8861615,9001237,9208644,9391133,9558222
China,CHN,"Labor force, total",SL.TLF.TOTL.IN,719268252,725942229,734773831,738870161,745105713,752357588,758781993,763709323,768086594,771363489,773615098,777894941,780282595,782215189,783684170,784597090,784950069,784839482,783424134,780839528
Colombia,COL,"Labor force, total",SL.TLF.TOTL.IN,17385462,17693169,18121365,18561475,18959707,19518940,19511592,19705295,19816071,19930715,20482763,23075763,23782803,24041577,24476726,25054953,25429174,25860138,26229069,26788369
Comoros,COM,"Labor force, total",SL.TLF.TOTL.IN,120879,124510,127725,131374,135161,139112,143256,147532,151869,156573,161237,176337,181731,187180,193020,199105,204984,211006,217181,223763
"Congo, Dem. Rep.",COD,"Labor force, total",SL.TLF.TOTL.IN,17438482,17874557,18365733,18871607,19415518,19998299,20615900,21266406,21594548,21945077,22309872,23378057,23709989,24482056,25282845,26127406,26995422,27898477,28829943,29741467
"Congo, Rep.",COG,"Labor force, total",SL.TLF.TOTL.IN,1152887,1193438,1233110,1272390,1312872,1356406,1402269,1450416,1503533,1562618,1621607,1783089,1827735,1871247,1914102,1960470,2013099,2068663,2124852,2184140
Costa Rica,CRI,"Labor force, total",SL.TLF.TOTL.IN,1571736,1609637,1623160,1731137,1767802,1816428,1829064,1942025,1977763,2049648,2082867,2123601,2294474,2317009,2343032,2338013,2272972,2336778,2445858,2474024
Cote d'Ivoire,CIV,"Labor force, total",SL.TLF.TOTL.IN,5798134,5933629,6063897,6146139,6222211,6295259,6370189,6450873,6540409,6639247,6746635,7111928,7248197,7390682,7540374,7697108,7849976,8067108,8294855,8536685
Croatia,HRV,"Labor force, total",SL.TLF.TOTL.IN,2024512,2007456,1981847,1898898,1872686,1884546,1935313,1935849,1921682,1936600,1941027,1875846,1855024,1834112,1885052,1887533,1828434,1821368,1794730,1780110
Cuba,CUB,"Labor force, total",SL.TLF.TOTL.IN,4485877,4500514,4528577,4551365,4590945,4640916,4684822,4777465,4850233,4952687,5001558,5094241,5098794,5102300,5104226,5110937,5106504,5101642,5098886,5098232
Curacao,CUW,"Labor force, total",SL.TLF.TOTL.IN,..,..,..,..,..,..,..,..,..,..,..,..,..,..,..,..,..,..,..,..
Cyprus,CYP,"Labor force, total",SL.TLF.TOTL.IN,420651,431777,445184,465339,475442,494573,509256,518098,531589,546817,557591,585583,589090,593752,604594,604302,603072,611083,625713,629329
Czech Republic,CZE,"Labor force, total",SL.TLF.TOTL.IN,5155906,5184158,5153252,5132338,5133936,5128133,5125017,5180451,5186176,5185801,5205012,5232632,5269982,5323403,5324486,5337426,5388569,5419544,5453301,5424875
Denmark,DNK,"Labor force, total",SL.TLF.TOTL.IN,2845775,2878840,2863199,2854562,2890555,2870393,2898633,2900837,2931221,2930742,2962829,2928270,2911831,2894622,2907019,2931334,3024663,2986512,3014756,3026283
Djibouti,DJI,"Labor force, total",SL.TLF.TOTL.IN,246442,254926,263342,269869,276109,282236,288471,295047,304045,313616,323603,352285,360171,367950,375763,383775,391027,398751,406696,415074
Dominica,DMA,"Labor force, total",SL.TLF.TOTL.IN,..,..,..,..,..,..,..,..,..,..,..,..,..,..,..,..,..,..,..,..
Dominican Republic,DOM,"Labor force, total",SL.TLF.TOTL.IN,3135292,3209348,3282194,3287038,3384814,3388427,3452280,3509207,3656099,3705849,3803756,4089027,4215966,4307627,4399186,4663162,4763649,4838602,4917459,4993882
Early-demographic dividend,EAR,"Labor force, total",SL.TLF.TOTL.IN,..,..,..,..,..,..,..,..,..,..,..,..,..,..,..,..,..,..,..,..
East Asia & Pacific,EAS,"Labor force, total",SL.TLF.TOTL.IN,1088979964,1102374853,1116858671,1125497120,1134979119,1145971778,1157884197,1166569349,1176797519,1190067759,1198570472,1222007398,1230125070,1236203530,1243496905,1248802243,1253029592,1257708850,1263544716,1265482994
East Asia & Pacific (excluding high income),EAP,"Labor force, total",SL.TLF.TOTL.IN,971880131,984863632,998617726,1006515766,1015571877,1026354278,1037704910,1045602169,1054870608,1066919473,1074628750,1096952074,1104524672,1109464206,1115372065,1119610745,1122663980,1126174614,1130393843,1132283423
East Asia & Pacific (IDA & IBRD countries),TEA,"Labor force, total",SL.TLF.TOTL.IN,..,..,..,..,..,..,..,..,..,..,..,..,..,..,..,..,..,..,..,..
Ecuador,ECU,"Labor force, total",SL.TLF.TOTL.IN,5350585,5459641,5568074,5667682,5767604,5867129,6214114,6301761,6573681,6583447,6747368,6804073,7012355,7088863,7213380,7645634,8042861,8305745,8365114,8545573
"Egypt, Arab Rep.",EGY,"Labor force, total",SL.TLF.TOTL.IN,18414795,19569644,20042908,20380579,20750954,21601657,22457448,23290693,24085531,25207870,25685592,27823661,28585480,29412982,29974476,29541725,29891673,29629276,30177778,30828442
El Salvador,SLV,"Labor force, total",SL.TLF.TOTL.IN,2269657,2286724,2292302,2298391,2303105,2384868,2359955,2404645,2457997,2511421,2539621,2561793,2628932,2684423,2666287,2665700,2729547,2743560,2757089,2789969
Equatorial Guinea,GNQ,"Labor force, total",SL.TLF.TOTL.IN,192954,202398,212731,222269,233057,245207,258711,273458,287248,302737,319945,375049,393029,412573,433541,455553,471561,489077,508396,529818
Eritrea,ERI,"Labor force, total",SL.TLF.TOTL.IN,924501,945005,975040,1030784,1095701,1166599,1236851,1302524,1349214,1389772,1426235,1492859,..,..,..,..,..,..,..,..
Estonia,EST,"Labor force, total",SL.TLF.TOTL.IN,680740,673734,679299,669058,654674,677787,678266,673822,693423,692045,697853,687768,684603,680794,675958,686173,695266,703684,705816,699160
Eswatini,SWZ,"Labor force, total",SL.TLF.TOTL.IN,279785,285590,290806,296054,299883,302836,305304,307324,310596,313970,317574,327742,331855,336082,340789,345515,353023,360335,367535,374886
Ethiopia,ETH,"Labor force, total",SL.TLF.TOTL.IN,26549148,27488669,28475270,29397274,30379024,31405153,32462533,33555723,34550193,35596163,36711562,40614909,42102901,43655318,45172444,46718750,48240655,49804178,51412462,53195087
Euro area,EMU,"Labor force, total",SL.TLF.TOTL.IN,145371813,146896745,148029050,148410256,150454074,152608134,154053116,155920549,157386493,158962656,160468125,160771493,161800006,162221833,162519432,162916600,163846475,164484331,165311563,164928557
Europe & Central Asia,ECS,"Labor force, total",SL.TLF.TOTL.IN,387715473,393942762,395477825,394921220,397556695,399844135,402678170,406713441,409652772,413529784,417699488,424150752,426587344,428893693,430636306,432905003,435458607,437263105,439254760,438818373
Europe & Central Asia (excluding high income),ECA,"Labor force, total",SL.TLF.TOTL.IN,171309073,175612053,175670096,174521647,174889711,174720563,175773692,176994599,178003458,179890752,181631712,186442088,187181323,188517291,189203970,190578939,191520390,192289771,193001531,192863387
Europe & Central Asia (IDA & IBRD countries),TEC,"Labor force, total",SL.TLF.TOTL.IN,..,..,..,..,..,..,..,..,..,..,..,..,..,..,..,..,..,..,..,..
European Union,EUU,"Labor force, total",SL.TLF.TOTL.IN,225361831,227231818,228526899,228855148,229848485,231914512,233659097,236323351,238403539,240168822,242270242,243148851,244765237,245571448,246512076,247093921,248454278,..,..,..
Faroe Islands,FRO,"Labor force, total",SL.TLF.TOTL.IN,..,..,..,..,..,..,..,..,..,..,..,..,..,..,..,..,..,..,..,..
Fiji,FJI,"Labor force, total",SL.TLF.TOTL.IN,300066,301413,302260,307492,311825,315842,320195,325164,333823,343784,354519,382762,376467,369209,361568,358213,356390,357566,359311,362574
Finland,FIN,"Labor force, total",SL.TLF.TOTL.IN,2522361,2566222,2586033,2608203,2623438,2620846,2611700,2627895,2661118,2690488,2718689,2692063,2698691,2684019,2687665,2695658,2688556,2709345,2742737,2745494
Fragile and conflict affected situations,FCS,"Labor force, total",SL.TLF.TOTL.IN,..,..,..,..,..,..,..,..,..,..,..,..,..,..,..,..,..,..,..,..
France,FRA,"Labor force, total",SL.TLF.TOTL.IN,26854781,27159264,27361298,27429358,27762298,28318911,28501444,28783710,28938757,29189036,29401083,29744876,29984799,30126536,30068094,30138027,30195919,30236801,30396906,30454910
French Polynesia,PYF,"Labor force, total",SL.TLF.TOTL.IN,92495,94532,96564,98514,100535,102385,104071,105560,107032,108283,109797,113516,114661,115400,115886,115919,116449,116822,116929,117018
Gabon,GAB,"Labor force, total",SL.TLF.TOTL.IN,318607,329944,340723,351099,362537,374527,387888,402235,419365,436600,457286,525300,551170,578917,607763,636572,659706,681829,702504,722017
"Gambia, The",GMB,"Labor force, total",SL.TLF.TOTL.IN,384570,395351,407071,420398,434670,449904,466104,483245,499963,517599,536233,596887,618373,638821,661176,683096,706105,729197,752678,779341
Georgia,GEO,"Labor force, total",SL.TLF.TOTL.IN,2195427,2149594,2048942,2105357,2033135,2075411,2036509,2026035,2030337,2034021,2040372,2071061,2080870,2053666,2072665,2090740,2059913,2051071,2040890,2032818
Germany,DEU,"Labor force, total",SL.TLF.TOTL.IN,40077646,40291759,40251178,40333146,40451098,40654568,40557809,41256896,41603988,41882348,41886218,41659627,41735942,42101062,42318973,42592924,43055076,43289005,43560137,43406284
Ghana,GHA,"Labor force, total",SL.TLF.TOTL.IN,7852594,8067162,8291712,8466821,8655538,8855586,9063721,9278307,9503223,9760681,10022524,10787589,11020927,11251257,11479968,11708016,12006769,12304378,12611514,12916874
Gibraltar,GIB,"Labor force, total",SL.TLF.TOTL.IN,..,..,..,..,..,..,..,..,..,..,..,..,..,..,..,..,..,..,..,..
Global Partnership for Education,FTI,"Labor force, total",SL.TLF.TOTL.IN,351748163,361935973,372424338,382735512,393295330,404333904,415797346,428411800,441343217,453211372,465845047,508104642,522693811,537524186,..,..,..,..,..,..
Greece,GRC,"Labor force, total",SL.TLF.TOTL.IN,4786865,4862323,4897261,4840491,4895102,4944727,5035555,5033802,5049315,5027405,5013953,4984694,4944480,4894597,4839603,4825534,4821995,4812433,4803828,4767741
Greenland,GRL,"Labor force, total",SL.TLF.TOTL.IN,..,..,..,..,..,..,..,..,..,..,..,..,..,..,..,..,..,..,..,..
Grenada,GRD,"Labor force, total",SL.TLF.TOTL.IN,..,..,..,..,..,..,..,..,..,..,..,..,..,..,..,..,..,..,..,..
Guam,GUM,"Labor force, total",SL.TLF.TOTL.IN,73734,74470,75097,75488,75731,75833,75924,75994,76141,76257,76490,77246,77515,77820,78233,78662,79255,80074,80919,81798
Guatemala,GTM,"Labor force, total",SL.TLF.TOTL.IN,3859820,3972647,4085563,4208736,4335657,4462290,4598822,4723727,4856304,4998361,5147396,5615983,6248390,5973044,6210730,6366233,6608832,6833024,7048674,7250681
Guinea,GIN,"Labor force, total",SL.TLF.TOTL.IN,2704466,2765385,2825659,2874516,2920983,2970574,3022374,3078527,3147328,3217671,3294001,3538622,3623264,3713630,3810625,3915430,4029992,4151690,4285745,4443986
Guinea-Bissau,GNB,"Labor force, total",SL.TLF.TOTL.IN,453402,463024,473073,484626,497208,510544,524516,539071,553549,568791,584828,636589,655738,675267,695515,715727,735684,756163,777324,799520
Guyana,GUY,"Labor force, total",SL.TLF.TOTL.IN,281661,278654,275199,271865,268156,267880,267778,268017,271292,274651,278176,289313,293155,297089,300937,304559,307920,311323,314014,317434
Haiti,HTI,"Labor force, total",SL.TLF.TOTL.IN,3081436,3140251,3200431,3285776,3375315,3468340,3564417,3663294,3757323,3853923,3948823,4243848,4347840,4454922,4560774,4664609,4768066,4871279,4975289,5080454
Heavily indebted poor countries (HIPC),HPC,"Labor force, total",SL.TLF.TOTL.IN,176066628,181131325,186431506,191677986,197330305,203253108,209390200,215657102,221257602,226853255,232638936,251333288,257804461,265405281,273143873,281274303,290201354,299562806,309415102,319459242
High income,HIC,"Labor force, total",SL.TLF.TOTL.IN,515558200,520735363,525853285,529072042,533740566,538399481,543192730,550164730,556698143,563357834,570644895,579126906,584785085,588621210,593203619,597649186,603591802,608653056,613771419,615653343
Honduras,HND,"Labor force, total",SL.TLF.TOTL.IN,2359405,2438377,2483193,2523585,2597298,2673908,2751489,2829288,2852114,2898829,3027231,3329453,3382450,3648442,3842079,4020478,4109395,4273483,4499704,4614534
"Hong Kong SAR, China",HKG,"Labor force, total",SL.TLF.TOTL.IN,3308021,3352637,3395033,3442311,3498822,3491847,3534627,3555478,3598359,3653978,3666741,3724785,3808754,3882408,3901796,3935838,3951196,3962081,3964816,3954606
Hungary,HUN,"Labor force, total",SL.TLF.TOTL.IN,4065979,4139219,4160523,4147356,4150182,4221421,4202095,4273380,4304683,4287335,4258722,4316395,4369758,4402691,4527394,4617150,4685790,4714349,4731877,4702655
IBRD only,IBD,"Labor force, total",SL.TLF.TOTL.IN,..,..,..,..,..,..,..,..,..,..,..,..,..,..,..,..,..,..,..,..
Iceland,ISL,"Labor force, total",SL.TLF.TOTL.IN,158874,164020,169237,171637,171169,172123,173090,174963,181724,187329,189969,187894,189223,193203,198702,203034,208261,210583,212899,214594
IDA & IBRD total,IBT,"Labor force, total",SL.TLF.TOTL.IN,..,..,..,..,..,..,..,..,..,..,..,..,..,..,..,..,..,..,..,..
IDA blend,IDB,"Labor force, total",SL.TLF.TOTL.IN,..,..,..,..,..,..,..,..,..,..,..,..,..,..,..,..,..,..,..,..
IDA only,IDX,"Labor force, total",SL.TLF.TOTL.IN,..,..,..,..,..,..,..,..,..,..,..,..,..,..,..,..,..,..,..,..
IDA total,IDA,"Labor force, total",SL.TLF.TOTL.IN,..,..,..,..,..,..,..,..,..,..,..,..,..,..,..,..,..,..,..,..
India,IND,"Labor force, total",SL.TLF.TOTL.IN,379708697,388180658,396836575,406743498,416975693,427476859,438179539,449054910,451550700,454037720,456498871,462065519,462943180,467582214,472080476,476339891,480525905,484231730,487622021,494261397
Indonesia,IDN,"Labor force, total",SL.TLF.TOTL.IN,93915837,97238408,98572015,98971622,98793924,99695276,101659884,101403664,103510108,108973646,111346201,117859733,120702307,121501756,123126453,124649774,125957742,129622071,132737405,134776692
"Iran, Islamic Rep.",IRN,"Labor force, total",SL.TLF.TOTL.IN,17508241,18300878,19159939,20096658,21090124,22124314,23169999,24207871,24202570,24163803,23408322,24157199,24267244,24357605,24417864,25359406,26559651,27419237,27770616,27903119
Iraq,IRQ,"Labor force, total",SL.TLF.TOTL.IN,5308718,5493951,5684769,5868714,6060411,6252393,6435171,6604401,6728591,6836656,6954541,7599634,7962730,8510817,9082831,9491635,9813997,9800982,10146991,10475789
Ireland,IRL,"Labor force, total",SL.TLF.TOTL.IN,1730346,1807653,1868576,1906289,1951665,1996482,2046510,2161450,2244294,2327511,2348644,2252813,2245120,2263599,2267353,2283198,2321591,2344064,2385553,2394545
Isle of Man,IMN,"Labor force, total",SL.TLF.TOTL.IN,..,..,..,..,..,..,..,..,..,..,..,..,..,..,..,..,..,..,..,..
Israel,ISR,"Labor force, total",SL.TLF.TOTL.IN,2581308,2668758,2768248,2834833,2860592,2931356,3010884,3085480,3170720,3261520,3326803,3543445,3642457,3715106,3806769,3876919,3955835,4024831,4102822,4164651
Italy,ITA,"Labor force, total",SL.TLF.TOTL.IN,23123226,23255309,23278506,23401805,23665211,23977844,24515472,24357050,24397023,24379953,24708566,24476460,25035229,25171797,25567256,25541895,25812533,25985917,26034264,25964342
Jamaica,JAM,"Labor force, total",SL.TLF.TOTL.IN,1194425,1200604,1205332,1210580,1215456,1219782,1230023,1239125,1250552,1261521,1272700,1309739,1322369,1362982,1378813,1402369,1445230,1476965,1473383,1488294
Japan,JPN,"Labor force, total",SL.TLF.TOTL.IN,68042234,67828257,67652881,67601019,67173003,67065336,66725257,66734012,66802058,67143470,67100796,66043052,65639408,65970039,66175617,66363530,66850743,67288388,68358370,68048596
Jordan,JOR,"Labor force, total",SL.TLF.TOTL.IN,1248670,1273989,1299889,1327717,1346839,1361898,1405100,1455781,1507477,1630982,1702078,1976035,2049933,2112457,2224346,2329440,2423692,2506538,2579658,2637759
Kazakhstan,KAZ,"Labor force, total",SL.TLF.TOTL.IN,7686288,7649133,7647677,7671591,7714441,7763021,7806829,7951776,8084638,8229564,8383843,8808695,8893173,8972345,9061748,9116395,9070629,9003750,9028828,9031232
Kenya,KEN,"Labor force, total",SL.TLF.TOTL.IN,11811245,12191220,12433377,12616503,12814782,13014148,13194881,13349230,14010456,14678696,15358192,17540848,18328404,19149317,19993005,20855980,21750718,22401022,23057935,23878817
Kiribati,KIR,"Labor force, total",SL.TLF.TOTL.IN,..,..,..,..,..,..,..,..,..,..,..,..,..,..,..,..,..,..,..,..
"Korea, Dem. People’s Rep.",PRK,"Labor force, total",SL.TLF.TOTL.IN,13682968,13830392,13968606,14116908,14255434,14386109,14521007,14659697,14785692,14918653,15064243,15497821,15633810,15762128,15894385,16026561,16142033,16271467,16395998,16503176
"Korea, Rep.",KOR,"Labor force, total",SL.TLF.TOTL.IN,22026281,22326933,22812596,23182387,23638175,23662545,24117623,24280376,24521665,24773836,24926023,25683904,26084471,26423221,27174554,27525319,27812568,28111033,28272711,28450476
Kosovo,XKX,"Labor force, total",SL.TLF.TOTL.IN,..,..,..,..,..,..,..,..,..,..,..,..,..,..,..,..,..,..,..,..
Kuwait,KWT,"Labor force, total",SL.TLF.TOTL.IN,869606,936822,989479,1019323,1042155,1054860,1082164,1125222,1183221,1258423,1352087,1707107,1828927,1958665,2082418,2193690,2265965,2334769,2383247,2424534
Kyrgyz Republic,KGZ,"Labor force, total",SL.TLF.TOTL.IN,1959886,2006381,2049888,2088218,2136599,2174649,2218702,2311441,2381546,2396384,2404705,2489072,2496246,2476310,2507694,2545568,2548381,2530722,2564912,2586494
Lao PDR,LAO,"Labor force, total",SL.TLF.TOTL.IN,2315808,2364408,2414192,2469864,2524420,2580268,2640270,2705468,2780650,2859012,2939412,3184410,3268906,3352803,3434293,3512358,3587963,3660958,3732339,3809128
Late-demographic dividend,LTE,"Labor force, total",SL.TLF.TOTL.IN,..,..,..,..,..,..,..,..,..,..,..,..,..,..,..,..,..,..,..,..
Latin America & Caribbean,LCN,"Labor force, total",SL.TLF.TOTL.IN,212680297,217525482,221961225,226969855,232221209,237514941,244073561,249740230,255149654,259348860,264077536,275934320,283036463,286703812,290159593,295102700,299147773,304414838,309406839,313541635
Latin America & Caribbean (excluding high income),LAC,"Labor force, total",SL.TLF.TOTL.IN,201496902,206185973,210540067,215403381,220541687,225586818,231863633,237241757,242364586,246279841,250612930,261900829,268828475,272324568,275603103,280391277,284258457,289318301,294075557,298002065
Latin America & the Caribbean (IDA & IBRD countries),TLA,"Labor force, total",SL.TLF.TOTL.IN,..,..,..,..,..,..,..,..,..,..,..,..,..,..,..,..,..,..,..,..
Latvia,LVA,"Labor force, total",SL.TLF.TOTL.IN,1147245,1121001,1090112,1090836,1115182,1096895,1098382,1093788,1119663,1136039,1150509,1035978,1041158,1020611,1006084,1008394,1006942,1003688,1000226,985032
Least developed countries: UN classification,LDC,"Labor force, total",SL.TLF.TOTL.IN,245985060,252975865,259970089,267268945,274503369,281909468,289421991,297158465,304097874,311071677,318249822,341534273,349322899,357809221,366684265,376585200,386818233,399734730,411064442,422862665
Lebanon,LBN,"Labor force, total",SL.TLF.TOTL.IN,1146956,1179300,1223385,1278357,1349645,1427597,1496117,1556582,1598129,1624099,1636205,1806279,1917315,2035228,2140874,2225580,2299119,2349593,2381501,2399073
Lending category not classified,LNX,"Labor force, total",SL.TLF.TOTL.IN,..,..,..,..,..,..,..,..,..,..,..,..,..,..,..,..,..,..,..,..
Lesotho,LSO,"Labor force, total",SL.TLF.TOTL.IN,877576,891734,897608,899095,896561,891891,887305,884079,880486,879608,880835,890686,896113,902683,915219,927804,938647,951051,962772,974814
Liberia,LBR,"Labor force, total",SL.TLF.TOTL.IN,1068376,1147475,1214647,1258613,1288676,1318237,1345002,1381031,1428543,1485514,1548749,1730499,1783699,1835406,1889215,1944762,2048924,2106396,2165501,2232214
Libya,LBY,"Labor force, total",SL.TLF.TOTL.IN,1482794,1532079,1585790,1640590,1700221,1763454,1828065,1892248,1949041,2003261,2054055,2174305,2198693,2219306,2239204,2260872,2296579,2337299,2380602,2422193
Liechtenstein,LIE,"Labor force, total",SL.TLF.TOTL.IN,..,..,..,..,..,..,..,..,..,..,..,..,..,..,..,..,..,..,..,..
Lithuania,LTU,"Labor force, total",SL.TLF.TOTL.IN,1710316,1712631,1682389,1643876,1625857,1683861,1594105,1553567,1511787,1511349,1512398,1495263,1484350,1473110,1481145,1470309,1482451,1468938,1472661,1452952
Low & middle income,LMY,"Labor force, total",SL.TLF.TOTL.IN,2151384415,2194904404,2234557326,2267968538,2305172404,2345422496,2389054272,2427953510,2458045080,2491552537,2519716120,2604819359,2633409099,2661978513,2690127293,2722061099,2750811305,2782994806,2813710021,2844642799
Low income,LIC,"Labor force, total",SL.TLF.TOTL.IN,168977894,173746265,178606189,183468941,188650701,194060156,199620600,205321133,210584341,215907689,221492498,238531355,244203345,250410475,256692159,264003619,271883021,280071241,288577241,297606490
Lower middle income,LMC,"Labor force, total",SL.TLF.TOTL.IN,836027837,857250364,876714289,895083948,913087560,933591707,955501332,974888378,988360123,1006030040,1020119191,1064974119,1076106610,1090728238,1106439036,1121408954,1135166193,1152100071,1169095579,1188934170
Luxembourg,LUX,"Labor force, total",SL.TLF.TOTL.IN,176479,181745,188745,189068,194924,195020,201398,207421,213165,215951,220426,243415,255177,263170,273727,282750,283597,293653,302721,307314
"Macao SAR, China",MAC,"Labor force, total",SL.TLF.TOTL.IN,205475,210298,215681,225563,227517,231076,243982,258018,274852,295059,309280,342540,349819,359096,370786,376729,377725,381711,385783,388405
Madagascar,MDG,"Labor force, total",SL.TLF.TOTL.IN,7022095,7251953,7491031,7725325,7979495,8237296,8505691,8782870,9135659,9495139,9863528,10958031,11286313,11611874,11931368,12238090,12620212,13010466,13409202,13851805
Malawi,MWI,"Labor force, total",SL.TLF.TOTL.IN,4458488,4569425,4682608,4778551,4880811,4991200,5110581,5239651,5382187,5533411,5693784,6241349,6450974,6673992,6887247,7106401,7334170,7563865,7799084,8079173
Malaysia,MYS,"Labor force, total",SL.TLF.TOTL.IN,8968962,9250756,9528178,9790165,10053165,10330303,10616597,10918791,11174392,11442231,11632624,12823341,13336103,13939869,14282710,14612026,14851647,15114465,15381536,15673016
Maldives,MDV,"Labor force, total",SL.TLF.TOTL.IN,80369,84975,90256,96265,103078,110541,118359,126288,133826,141578,149903,183622,198646,214991,232102,244273,254851,270136,283491,296608
Mali,MLI,"Labor force, total",SL.TLF.TOTL.IN,3842068,3953328,4075313,4193086,4325597,4463494,4614155,4770334,4922987,5086334,5256044,5765464,5932865,6104085,6279936,6450183,6651300,6863272,7086706,7334811
Malta,MLT,"Labor force, total",SL.TLF.TOTL.IN,151750,153875,155994,159299,160237,161252,158483,161004,163303,167384,169725,180334,186718,194968,202540,208231,215515,223557,235579,234587
Marshall Islands,MHL,"Labor force, total",SL.TLF.TOTL.IN,..,..,..,..,..,..,..,..,..,..,..,..,..,..,..,..,..,..,..,..
Mauritania,MRT,"Labor force, total",SL.TLF.TOTL.IN,708834,727706,749659,765400,782581,800738,819661,839050,858169,878715,900256,969365,993655,1027052,1061636,1099054,1135240,1172264,1210148,1248504
Mauritius,MUS,"Labor force, total",SL.TLF.TOTL.IN,505490,513708,519737,525785,529506,532252,534564,544400,547108,545361,551777,566473,573785,588505,595863,603765,600981,608131,608753,611703
Mayotte,MYT,"Labor force, total",SL.TLF.TOTL.IN,..,..,..,..,..,..,..,..,..,..,..,..,..,..,..,..,..,..,..,..
Mexico,MEX,"Labor force, total",SL.TLF.TOTL.IN,37922367,38276913,38988543,39453523,39986960,41050988,42271111,43770581,45216603,46263086,47053017,49847433,51369079,52139332,52542478,53574700,54396002,55131907,56253063,57142356
"Micronesia, Fed. Sts.",FSM,"Labor force, total",SL.TLF.TOTL.IN,..,..,..,..,..,..,..,..,..,..,..,..,..,..,..,..,..,..,..,..
Middle East & North Africa,MEA,"Labor force, total",SL.TLF.TOTL.IN,87416743,90944791,93966320,96703231,99548889,103301504,107083582,110982481,114044168,117733069,120119267,131057572,134312828,137756052,139890576,142542500,145754904,147525532,150094613,152677915
Middle East & North Africa (excluding high income),MNA,"Labor force, total",SL.TLF.TOTL.IN,74999470,78104885,80502312,82735206,85030286,88055256,90949401,93770538,95550757,97732223,98531178,104765342,106628850,108862370,109894307,111397978,113791731,114909246,116886513,118728689
Middle East & North Africa (IDA & IBRD countries),TMN,"Labor force, total",SL.TLF.TOTL.IN,..,..,..,..,..,..,..,..,..,..,..,..,..,..,..,..,..,..,..,..
Middle income,MIC,"Labor force, total",SL.TLF.TOTL.IN,1982406521,2021158139,2055951137,2084499597,2116521702,2151362340,2189433672,2222632376,2247460739,2275644848,2298223622,2366288004,2389205754,2411568038,2433435134,2458057480,2478928284,2502923566,2525132780,2547036309
Moldova,MDA,"Labor force, total",SL.TLF.TOTL.IN,1128278,1136784,1141282,1144283,1148325,1155047,1162933,1139136,1110016,1080193,1049212,1013568,978234,996549,993101,1052791,1009773,982127,988570,1281378
Monaco,MCO,"Labor force, total",SL.TLF.TOTL.IN,..,..,..,..,..,..,..,..,..,..,..,..,..,..,..,..,..,..,..,..
Mongolia,MNG,"Labor force, total",SL.TLF.TOTL.IN,893631,914539,939189,963062,988050,1013271,1036425,1061831,1085832,1107893,1130429,1210110,1215683,1243019,1268989,1287072,1278706,1306828,1319351,1331968
Montenegro,MNE,"Labor force, total",SL.TLF.TOTL.IN,232193,231600,231387,232228,233245,234396,235199,236022,237583,239151,240916,242914,249962,250757,262634,268047,271005,271367,277016,277659
Morocco,MAR,"Labor force, total",SL.TLF.TOTL.IN,9101000,9341386,9566346,9783679,9926515,10222898,10459942,10617034,10753619,10929845,11089710,11722079,11760785,11856742,11841519,11817891,11780964,11742989,11918297,12067706
Mozambique,MOZ,"Labor force, total",SL.TLF.TOTL.IN,7888661,8135206,8385280,8618196,8859074,9105708,9320233,9537873,9720676,9913064,10112823,10733724,10944988,11161894,11389306,11628554,11989898,12371703,12772428,13192926
Myanmar,MMR,"Labor force, total",SL.TLF.TOTL.IN,21876525,22222904,22514729,22745959,22949511,23108968,23243786,23354868,23423831,23494272,23581656,24023191,24249153,24469862,24695947,24925876,24611006,24283550,24470007,24690666
Namibia,NAM,"Labor force, total",SL.TLF.TOTL.IN,536865,553745,571170,587776,604639,621917,639620,657719,678879,699590,720208,782547,803562,860775,875346,885771,897022,904494,911498,937065
Nauru,NRU,"Labor force, total",SL.TLF.TOTL.IN,..,..,..,..,..,..,..,..,..,..,..,..,..,..,..,..,..,..,..,..
Nepal,NPL,"Labor force, total",SL.TLF.TOTL.IN,11647097,11899084,12125672,12350086,12572667,12791930,13005573,13213972,13475182,13718246,13936142,14437342,14526349,14630189,14772424,14970822,15384208,15853018,16359487,16885870
Netherlands,NLD,"Labor force, total",SL.TLF.TOTL.IN,7810630,7963539,8159146,8307265,8443016,8482131,8539576,8387775,8433281,8607701,8768135,8849590,8961620,8987420,8966901,9034853,9051897,9111169,9227941,9247803
Netherlands Antilles,ANT,"Labor force, total",SL.TLF.TOTL.IN,..,..,..,..,..,..,..,..,..,..,..,..,..,..,..,..,..,..,..,..
New Caledonia,NCL,"Labor force, total",SL.TLF.TOTL.IN,96795,98536,100287,102243,104346,106340,108257,110150,112869,115318,117729,124123,126177,128340,130467,132479,134548,136683,138742,140619
New Zealand,NZL,"Labor force, total",SL.TLF.TOTL.IN,1894176,1909755,1928886,1966167,2027864,2065641,2121367,2178594,2229990,2265374,2286703,2353431,2362332,2393487,2464398,2513183,2608432,2696341,2721966,2771153
Nicaragua,NIC,"Labor force, total",SL.TLF.TOTL.IN,1747365,1814093,1888587,1946416,2002526,2057643,2112782,2168486,2226874,2295887,2365077,2571111,2640236,2708643,2775819,2832718,2890622,2947535,2992406,3048653
Niger,NER,"Labor force, total",SL.TLF.TOTL.IN,4318919,4476668,4641817,4793047,4958059,5132217,5317473,5508656,5688091,5882818,6087800,6788041,6861640,6917466,6948511,7225239,7503949,7799638,8111179,8423151
Nigeria,NGA,"Labor force, total",SL.TLF.TOTL.IN,39254783,40317120,41372859,42380692,43326706,44414245,45524729,46722817,47913307,49159600,50457057,54538708,53684327,52793935,53691627,54559255,55288066,56831352,58403811,59873795
North America,NAC,"Labor force, total",SL.TLF.TOTL.IN,158451298,160714018,162919445,164156616,165468215,166484038,167764855,169768291,171843439,173500650,175582702,176037197,177886699,178232558,179093684,180275679,182435485,184432664,185827935,187009990
North Macedonia,MKD,"Labor force, total",SL.TLF.TOTL.IN,821853,825209,836650,847756,857670,870758,878602,886512,893457,907871,924502,948108,945993,959395,964018,960040,952035,957156,959864,959187
Northern Mariana Islands,MNP,"Labor force, total",SL.TLF.TOTL.IN,..,..,..,..,..,..,..,..,..,..,..,..,..,..,..,..,..,..,..,..
Norway,NOR,"Labor force, total",SL.TLF.TOTL.IN,2374367,2379488,2404097,2415586,2437716,2407793,2422482,2431488,2466086,2523697,2598991,2625969,2670882,2697657,2722748,2762074,2769807,2762942,2799958,2829069
OECD members,OED,"Labor force, total",SL.TLF.TOTL.IN,541606807,546993838,551261155,554615653,559721357,563721748,569190525,576536123,582934632,589320088,596180387,605664682,611468992,616242475,620829115,626020746,632996214,..,..,..
Oman,OMN,"Labor force, total",SL.TLF.TOTL.IN,788952,785545,786494,801606,828941,865628,903541,946780,1008209,1080018,1166100,1562303,1751335,1956038,2159684,2349315,2482965,2601786,2701563,2793444
Other small states,OSS,"Labor force, total",SL.TLF.TOTL.IN,..,..,..,..,..,..,..,..,..,..,..,..,..,..,..,..,..,..,..,..
Pacific island small states,PSS,"Labor force, total",SL.TLF.TOTL.IN,..,..,..,..,..,..,..,..,..,..,..,..,..,..,..,..,..,..,..,..
Pakistan,PAK,"Labor force, total",SL.TLF.TOTL.IN,38981417,40510311,42187598,43334222,44598494,46385762,48265201,49367625,50436609,51949186,53493295,59221677,61250812,63325687,64834459,67754731,69170840,70602092,72040845,73943927
Palau,PLW,"Labor force, total",SL.TLF.TOTL.IN,..,..,..,..,..,..,..,..,..,..,..,..,..,..,..,..,..,..,..,..
Panama,PAN,"Labor force, total",SL.TLF.TOTL.IN,1227093,1259502,1297277,1334440,1372784,1412006,1455694,1495406,1508707,1554921,1626905,1641861,1726928,1787803,1813556,1858187,1910880,1937154,2029802,2070252
Papua New Guinea,PNG,"Labor force, total",SL.TLF.TOTL.IN,2391269,2458917,2535708,2521790,2501911,2476638,2446735,2412608,2375821,2334422,2287795,2236190,2289550,2345719,2383465,2429159,2486045,2549967,2618045,2672011
Paraguay,PRY,"Labor force, total",SL.TLF.TOTL.IN,2153046,2216084,2281327,2346093,2413845,2443553,2634611,2662606,2640489,2745306,2804539,2964215,3164739,3187574,3175766,3240419,3338124,3406346,3534912,3596770
Peru,PER,"Labor force, total",SL.TLF.TOTL.IN,11250206,11712840,11691900,12499551,13078289,13429289,13975181,13759891,14527741,15158539,15376277,16126917,16335923,16464314,16558647,16583446,16965614,17810899,18346713,18864820
Philippines,PHL,"Labor force, total",SL.TLF.TOTL.IN,28522298,29245312,29991325,30710464,31394098,31893366,32728948,33626298,34560515,35437025,36364331,39898107,40483458,41189338,42517540,43017635,43863054,43007823,43864623,44815316
Poland,POL,"Labor force, total",SL.TLF.TOTL.IN,17230691,17165879,17319259,17575061,17379278,17300482,17265652,17529374,17324552,17327863,17563966,18101817,18228625,18269077,18388187,18315532,18376997,18443681,18391322,18223701
Portugal,PRT,"Labor force, total",SL.TLF.TOTL.IN,5127309,5183870,5252383,5358098,5444716,5469216,5452228,5506132,5531886,5553482,5547285,5430781,5387979,5296733,5240751,5216392,5203775,5248650,5267545,5223005
Post-demographic dividend,PST,"Labor force, total",SL.TLF.TOTL.IN,..,..,..,..,..,..,..,..,..,..,..,..,..,..,..,..,..,..,..,..
Pre-demographic dividend,PRE,"Labor force, total",SL.TLF.TOTL.IN,..,..,..,..,..,..,..,..,..,..,..,..,..,..,..,..,..,..,..,..
Puerto Rico,PRI,"Labor force, total",SL.TLF.TOTL.IN,1368768,1378319,1349864,1366527,1381483,1388238,1389093,1404150,1411440,1387579,1356478,1287848,1257461,1227508,1191175,1153392,1134139,1107460,1062354,1048741
Qatar,QAT,"Labor force, total",SL.TLF.TOTL.IN,316895,327728,339550,357949,378433,410427,461114,544308,674606,843596,1033319,1536175,1651717,1758797,1858956,1952246,2004463,2046136,2085366,2124485
Romania,ROU,"Labor force, total",SL.TLF.TOTL.IN,11812041,11821172,11758898,11398822,10266418,9966317,9906396,9603716,9752372,9571583,9347165,9179103,9226931,9184265,9210239,9114728,8952331,9108563,9051906,8933410
Russian Federation,RUS,"Labor force, total",SL.TLF.TOTL.IN,68954075,73023462,73401244,72085850,73035074,72916728,73629915,74185470,74467980,75479961,76009101,76029211,75821301,75440718,75238592,75015705,74939907,74184005,73826094,73023442
Rwanda,RWA,"Labor force, total",SL.TLF.TOTL.IN,3414032,3618078,3781974,3933699,4045193,4135370,4224852,4325877,4440129,4563000,4691690,5089382,5226281,5368436,5513220,5668191,5837087,6007191,6178259,6361963
Samoa,WSM,"Labor force, total",SL.TLF.TOTL.IN,47233,47397,47218,47552,47906,48158,48346,48531,48933,49097,49525,51028,51668,52316,52581,52673,52658,52779,53053,53601
San Marino,SMR,"Labor force, total",SL.TLF.TOTL.IN,..,..,..,..,..,..,..,..,..,..,..,..,..,..,..,..,..,..,..,..
Sao Tome and Principe,STP,"Labor force, total",SL.TLF.TOTL.IN,41498,42559,43679,44748,45858,46984,48208,49537,51500,53676,55857,61464,62826,64034,65181,66400,67718,69052,70431,71890
Saudi Arabia,SAU,"Labor force, total",SL.TLF.TOTL.IN,5877425,6026070,6358134,6572358,6850203,7198614,7570672,7952470,8298579,8645764,8979507,10562881,11306424,11979485,12555354,13185854,13607874,13839522,14019589,14387983
Senegal,SEN,"Labor force, total",SL.TLF.TOTL.IN,2663262,2722486,2787867,2856413,2933045,3007732,3086598,3168879,3257631,3311009,3364623,3529008,3585357,3643629,3702672,3763014,3877928,3997403,4122004,4255464
Serbia,SRB,"Labor force, total",SL.TLF.TOTL.IN,3364377,3377060,3354615,3345563,3337919,3330992,3319971,3311012,3294952,3290024,3238034,3048600,3067915,3111697,3123027,3096714,3191611,3219215,3241884,3223416
Seychelles,SYC,"Labor force, total",SL.TLF.TOTL.IN,..,..,..,..,..,..,..,..,..,..,..,..,..,..,..,..,..,..,..,..
Sierra Leone,SLE,"Labor force, total",SL.TLF.TOTL.IN,1569155,1599488,1640578,1705035,1773113,1856476,1988943,2048781,2091044,2125776,2155989,2246071,2276842,2309294,2342408,2423877,2484881,2548635,2614289,2681164
Singapore,SGP,"Labor force, total",SL.TLF.TOTL.IN,2075053,2106295,2161298,2229787,2228163,2202696,2238545,2317560,2432256,2582875,2790771,3090038,3207317,3272484,3364032,3451949,3496292,3497085,3493801,3531132
Sint Maarten (Dutch part),SXM,"Labor force, total",SL.TLF.TOTL.IN,..,..,..,..,..,..,..,..,..,..,..,..,..,..,..,..,..,..,..,..
Slovak Republic,SVK,"Labor force, total",SL.TLF.TOTL.IN,2525215,2551618,2585035,2632890,2623707,2658451,2674169,2661942,2653642,2650184,2681842,2686186,2710943,2718599,2724373,2739915,2763870,2762020,2754200,2740077
Slovenia,SVN,"Labor force, total",SL.TLF.TOTL.IN,979227,965214,961301,969892,983804,963198,1010541,1019058,1025703,1040273,1036288,1022991,1017582,1012983,1017334,1010900,998363,1029116,1037571,1024236
Small states,SST,"Labor force, total",SL.TLF.TOTL.IN,..,..,..,..,..,..,..,..,..,..,..,..,..,..,..,..,..,..,..,..
Solomon Islands,SLB,"Labor force, total",SL.TLF.TOTL.IN,186401,193033,201053,208169,214841,220819,226928,233058,238867,244677,250557,270188,277485,285152,293198,301523,309610,318217,327185,336182
Somalia,SOM,"Labor force, total",SL.TLF.TOTL.IN,2192169,2252552,2316206,2369095,2430874,2499158,2568599,2641196,2698513,2755408,2814936,3034384,3121047,3219574,3324728,3433878,3549907,3671052,3797583,3924554
South Africa,ZAF,"Labor force, total",SL.TLF.TOTL.IN,15708186,16087761,16471123,16811093,17156465,17519516,17885919,18260867,18609972,18973326,19364230,19233222,19751234,20358274,20829666,21690077,22092829,22696993,22947458,23300270
South Asia,SAS,"Labor force, total",SL.TLF.TOTL.IN,487290861,498834873,510822446,523631503,536963562,551111084,565504977,579210603,584182922,589539511,594843202,610194042,614570907,623218349,630876674,640071138,647751993,657566180,664696955,675396518
South Asia (IDA & IBRD),TSA,"Labor force, total",SL.TLF.TOTL.IN,..,..,..,..,..,..,..,..,..,..,..,..,..,..,..,..,..,..,..,..
South Sudan,SSD,"Labor force, total",SL.TLF.TOTL.IN,..,..,..,..,..,..,..,..,..,..,..,..,..,..,..,..,..,..,..,..
Spain,ESP,"Labor force, total",SL.TLF.TOTL.IN,17432865,17760180,18276380,18210850,19060367,19838422,20511884,21283877,21905331,22459241,23073217,23570743,23581654,23386629,23181003,23115401,23103511,23047059,23064439,22943908
Sri Lanka,LKA,"Labor force, total",SL.TLF.TOTL.IN,7975716,7861675,7828927,7909375,7988923,8064721,8134992,8198567,8249104,8295230,8336135,8271580,8169581,8461992,8411401,8640692,8794294,8841823,8893806,8920237
St. Kitts and Nevis,KNA,"Labor force, total",SL.TLF.TOTL.IN,..,..,..,..,..,..,..,..,..,..,..,..,..,..,..,..,..,..,..,..
St. Lucia,LCA,"Labor force, total",SL.TLF.TOTL.IN,64628,66158,67710,69288,71120,73181,75469,77678,80114,82343,84536,89885,91542,93017,94452,95818,97066,98287,99309,99985
St. Martin (French part),MAF,"Labor force, total",SL.TLF.TOTL.IN,..,..,..,..,..,..,..,..,..,..,..,..,..,..,..,..,..,..,..,..
St. Vincent and the Grenadines,VCT,"Labor force, total",SL.TLF.TOTL.IN,46977,47509,48002,48709,49512,50325,51026,51640,52151,52432,52599,53190,53581,54021,54408,54733,55173,55689,56243,56646
Sub-Saharan Africa,SSF,"Labor force, total",SL.TLF.TOTL.IN,244407978,251302989,258404680,265161034,272175280,279594498,287257658,295133845,303072748,311190737,319468348,344564985,351674873,359591730,369177174,380011022,390824754,402736694,414655622,427368717
Sub-Saharan Africa (excluding high income),SSA,"Labor force, total",SL.TLF.TOTL.IN,244407978,251302989,258404680,265161034,272175280,279594498,287257658,295133845,303072748,311190737,319468348,344564985,351674873,359591730,369177174,380011022,390824754,402736694,414655622,427368717
Sub-Saharan Africa (IDA & IBRD countries),TSS,"Labor force, total",SL.TLF.TOTL.IN,..,..,..,..,..,..,..,..,..,..,..,..,..,..,..,..,..,..,..,..
Sudan,SDN,"Labor force, total",SL.TLF.TOTL.IN,7487984,7657461,7835104,8025018,8224621,8430084,8636843,8841043,9017365,9189270,9361569,9952705,10193741,10471692,10767864,11069998,11378646,11701253,12055376,12410556
Suriname,SUR,"Labor force, total",SL.TLF.TOTL.IN,152820,155672,158912,161748,164611,167793,171196,174403,177899,181495,185114,195996,199316,202560,205494,207998,209869,212398,214906,217328
Sweden,SWE,"Labor force, total",SL.TLF.TOTL.IN,4518571,4544548,4514130,4561359,4578161,4604143,4616940,4688630,4750136,4824803,4892114,5000799,5035590,5099406,5143092,5186060,5250661,5336002,5411383,5452261
Switzerland,CHE,"Labor force, total",SL.TLF.TOTL.IN,3976878,3999626,3998249,4055798,4093971,4141397,4149210,4173121,4237308,4308538,4410564,4539303,4597138,4655996,4742519,4813826,4889830,4919831,4953327,4981104
Syrian Arab Republic,SYR,"Labor force, total",SL.TLF.TOTL.IN,4521999,4697426,4864915,4965069,5055715,5133348,5154566,5196070,5321189,5469332,5694211,5747161,5659136,5529342,5396018,5285815,5186809,5133279,5129679,5191776
Tajikistan,TJK,"Labor force, total",SL.TLF.TOTL.IN,1441568,1474372,1512526,1556400,1606161,1661446,1722010,1782279,1843009,1904637,1967124,2126753,2169813,2211382,2250177,2286008,2317977,2365515,2412933,2464952
Tanzania,TZA,"Labor force, total",SL.TLF.TOTL.IN,15318762,15711780,16129365,16563387,17084441,17622863,18183450,18766992,19327648,19776480,20241230,21660222,22146911,22639079,23136032,23877145,24659135,25467538,26304005,27170626
Thailand,THA,"Labor force, total",SL.TLF.TOTL.IN,34062609,34153080,35015836,35307698,35806249,36281076,36813012,37344942,37574914,38304070,38752683,40059084,40105864,39233144,38995309,38916820,38662091,38490554,38907795,38989831
Timor-Leste,TLS,"Labor force, total",SL.TLF.TOTL.IN,358841,355792,353733,358810,368484,378026,376332,378363,376484,383843,390379,421479,432266,449540,474447,481975,497106,516671,531648,545438
Togo,TGO,"Labor force, total",SL.TLF.TOTL.IN,2092429,2170227,2248103,2316476,2383981,2450042,2518613,2590403,2662625,2722835,2783916,2966196,3049851,3136271,3225004,3315730,3407416,3501093,3596555,3699587
Tokelau,TKL,"Labor force, total",SL.TLF.TOTL.IN,..,..,..,..,..,..,..,..,..,..,..,..,..,..,..,..,..,..,..,..
Tonga,TON,"Labor force, total",SL.TLF.TOTL.IN,35164,35359,35500,36097,36552,36920,37291,37617,38024,38501,38818,39104,38957,38767,38534,38419,38645,39140,39833,40750
Trinidad and Tobago,TTO,"Labor force, total",SL.TLF.TOTL.IN,560038,568710,577292,586962,597170,617274,636832,655422,661027,664074,668099,651345,662774,667912,675061,671319,668436,667691,667593,666722
Tunisia,TUN,"Labor force, total",SL.TLF.TOTL.IN,3133669,3177959,3221210,3258502,3294136,3328887,3363181,3397403,3492965,3563483,3640083,3872163,3962510,3955425,3972201,3993436,4012596,4036987,4061682,4087509
Turkey,TUR,"Labor force, total",SL.TLF.TOTL.IN,21764624,22203014,21414874,21768238,22073032,21909698,21875152,22316274,22239126,22626117,23361213,26285363,26780195,27839270,28689600,29780340,30831360,31954592,32826049,33368909
Turkmenistan,TKM,"Labor force, total",SL.TLF.TOTL.IN,1710977,1753449,1797086,1842040,1882003,1919544,1960071,2005528,2049272,2102019,2159983,2323971,2371490,2413879,2456077,2500114,2532460,2571947,2614576,2653434
Turks and Caicos Islands,TCA,"Labor force, total",SL.TLF.TOTL.IN,..,..,..,..,..,..,..,..,..,..,..,..,..,..,..,..,..,..,..,..
Tuvalu,TUV,"Labor force, total",SL.TLF.TOTL.IN,..,..,..,..,..,..,..,..,..,..,..,..,..,..,..,..,..,..,..,..
Uganda,UGA,"Labor force, total",SL.TLF.TOTL.IN,7897648,8122393,8365485,8621452,8898397,9194472,9507721,9836694,10174677,10531262,10906910,12149266,12606240,13061480,13549586,14078249,14657926,15285775,15935453,16658615
Ukraine,UKR,"Labor force, total",SL.TLF.TOTL.IN,23454029,22984417,23221929,22740328,22574846,22442456,22286322,22160258,22031861,21910060,21799067,21629158,21413083,21571120,20940979,20945245,20755109,20610189,20432109,20206988
United Arab Emirates,ARE,"Labor force, total",SL.TLF.TOTL.IN,1551220,1649882,1760661,1896799,2048250,2245387,2534069,2943284,3493104,4187515,4946407,6473048,6576816,6583303,6572188,6600371,6612725,6676278,6752973,6840893
United Kingdom,GBR,"Labor force, total",SL.TLF.TOTL.IN,28763330,29052220,29297919,29262559,29591473,29871865,30146839,30595928,31046499,31254090,31668286,32228976,32584504,32898627,33194855,33481424,33801224,34014019,34329233,34541393
United States,USA,"Labor force, total",SL.TLF.TOTL.IN,142801308,144779757,146729576,147698388,148526037,149140813,150211571,152071960,153931108,155224880,157006864,156975333,158636184,158755710,159532062,160596354,162547573,164268059,165483017,166543859
Upper middle income,UMC,"Labor force, total",SL.TLF.TOTL.IN,1146378684,1163907775,1179236848,1189415649,1203434142,1217770633,1233932340,1247743999,1259100616,1269614808,1278104431,1301313885,1313099144,1320839800,1326996098,1336648526,1343762092,1350823494,1356037201,1358102139
Uruguay,URY,"Labor force, total",SL.TLF.TOTL.IN,1542930,1541915,1559123,1602473,1577246,1570328,1571276,1583330,1620756,1662809,1688609,1732530,1730349,1726790,1750156,1749234,1750871,1748271,1749881,1762498
Uzbekistan,UZB,"Labor force, total",SL.TLF.TOTL.IN,9170534,9379681,9633136,9903749,10176881,10452785,10734046,11024626,11322661,11639281,11975753,13266134,13571417,13887642,14203629,14502140,14786980,15042030,15289093,15453701
Vanuatu,VUT,"Labor force, total",SL.TLF.TOTL.IN,71305,72984,74585,77101,80028,82662,85340,87879,90623,93299,95803,104119,106959,109953,112760,115560,118971,122043,125122,128570
"Venezuela, RB",VEN,"Labor force, total",SL.TLF.TOTL.IN,9637887,9841470,10132232,10420000,10604401,10797459,11222301,11582823,11963901,12121420,12330270,12931945,13092390,13340802,13481826,13520458,13271796,12945078,12554309,12364707
Vietnam,VNM,"Labor force, total",SL.TLF.TOTL.IN,39810235,40814558,41755111,42829880,43786510,44674604,45574755,46528366,47389057,48308166,49277089,52620771,53347074,54667903,55355047,55760129,55991171,56565992,56915235,57364217
Virgin Islands (U.S.),VIR,"Labor force, total",SL.TLF.TOTL.IN,51490,51850,52068,52681,53186,53568,53839,54133,54218,54342,54434,54028,53707,53360,53013,52702,52513,52316,52142,51981
West Bank and Gaza,PSE,"Labor force, total",SL.TLF.TOTL.IN,581106,597258,622231,584344,591293,658732,671885,702795,727564,777089,793182,922984,962633,997642,1039013,1120554,1150479,1190006,1214123,1261658
World,WLD,"Labor force, total",SL.TLF.TOTL.IN,2666942614,2715639768,2760410612,2797040580,2838912969,2883821977,2932247001,2978118240,3014743223,3054910370,3090361014,3183946265,3218194184,3250599724,3283330912,3319710285,3354403108,3391647862,3427481440,3460296142
"Yemen, Rep.",YEM,"Labor force, total",SL.TLF.TOTL.IN,3844816,4015596,4087227,4174375,4261917,4353994,4456206,4569920,4683882,4811325,4948412,5317446,5408994,5504702,5604445,5845660,6080279,6312623,6545429,6734740
Zambia,ZMB,"Labor force, total",SL.TLF.TOTL.IN,4180890,4301609,4424140,4534804,4647235,4761077,4878856,5002008,5087016,5179313,5278661,5638639,5786679,5988958,6201159,6423437,6650519,6888188,7134980,7401808
Zimbabwe,ZWE,"Labor force, total",SL.TLF.TOTL.IN,5386871,5358654,5469367,5561944,5645604,5723422,5798642,5822516,5876435,5930682,5986964,6194817,6285165,6385719,6486479,6587744,6686030,6792647,6907202,7040147
